,메뉴
0,쌀밥
1,쥐
2,된장찌개
3,주스
4,계란
5,포기김치
6,라
7,롤
8,찐빵
9,호두죽
10,어
11,채
12,무침
13,모닝
14,후
15,우유
16,두유
17,이
18,호박
19,단호박
20,샌드
21,시래기
22,조림
23,팥죽
24,젓국찌개
25,콩나물국
26,죽
27,표고버섯
28,베이글
29,느타리
30,볶음
31,근대
32,닭죽
33,국
34,멸치
35,토마토
36,재첩국
37,쇠고
38,방풍나물
39,와플
40,기죽
41,명
42,팬케익
43,류
44,감자찌개
45,엽채
46,견과
47,고구마
48,숙주나물
49,야채
50,된
51,장국
52,봄동
53,프레
54,치즈
55,콩
56,민물
57,잣죽
58,즐
59,새우찌개
60,단호
61,김구이
62,박죽
63,마늘빵
64,묵국
65,계
66,흑임자죽
67,란국
68,참치
69,무생채
70,북어
71,토스트
72,선지
73,두부
74,톳
75,해장국
76,인절미
77,크
78,씨
79,립
80,홍합탕
81,밤죽
82,오이생채
83,브로
84,시금치나물
85,고추장찌개
86,컬리
87,땅
88,콩가루
89,참나물
90,김치죽
91,호떡
92,채국
93,애호박나물
94,무
95,꿀
96,크로
97,와
98,상
99,어묵
100,에
101,탕
102,게
103,꽃
104,그
105,프렌치토스트
106,초장
107,콩나물
108,김치
109,곰피
110,오이
111,단팥빵
112,올갱이
113,아욱국
114,바나나
115,피바
116,가지
117,지락
118,파이
119,볼
120,사과
121,시금치
122,땅콩죽
123,브라우니
124,쑥갓
125,유채
126,나물
127,새송이
128,김자반
129,케익
130,녹두죽
131,냉이
132,햄
133,검정콩
134,황태
135,미역
136,케이크
137,줄기
138,물죽
139,쇠고기
140,찜
141,해
142,들깨
143,홍
144,게살
145,베이컨
146,오징어
147,미역국
148,김
149,실파
150,송이버섯
151,새
152,카스텔라
153,부국
154,순두
155,랜
156,베리
157,진미
158,두부김치
159,살
160,레몬
161,새우
162,초무침
163,버섯국
164,감
165,자국
166,핫도그
167,늙
168,호박죽
169,쑥국
170,라이
171,쫑
172,바지락
173,은
174,마늘
175,구이
176,양송이
177,치킨
178,열무
179,대구찌개
180,감자채
181,얼갈이
182,곤약
183,비름나물
184,차돌박이
185,찌개
186,열
187,연두
188,무나물
189,부탕
190,매운
191,우거지
192,우렁
193,도라지
194,옥수수
195,취나물
196,노각
197,스크램블
198,대나물
199,머위
200,열무김치
201,소라
202,식빵
203,피자
204,넛
205,캐슈
206,가지나물
207,홍초
208,사각
209,묵무침
210,고추장
211,버섯볶음
212,동태찌개
213,시금
214,치국
215,순나
216,물
217,애플파이
218,소고기
219,두부조림
220,호두
221,미나리나물
222,숙주
223,새알
224,콩자반
225,팬케이크
226,누룽지
227,시래기나물
228,쇠
229,고
230,보리
231,구운
232,아삭
233,고추
234,두
235,브
236,샤
237,땅콩
238,도라지나물
239,조랭이
240,떡
241,꽈리고추
242,애호박
243,파
244,잔
245,깨
246,우찌
247,크림
248,육개장
249,맑
250,만두
251,감자조림
252,아욱
253,버섯
254,가루
255,수삼
256,치커리
257,후르츠
258,구
259,구마
260,소고
261,얼큰
262,기국
263,연근조림
264,삶
265,연두부
266,맛살
267,모시조개
268,쥐포
269,청포
270,건새
271,반장
272,우무
273,우엉조림
274,배추
275,토란국
276,녹차
277,카스테라
278,미니
279,토란탕
280,초나물
281,겨울
282,무채
283,핫
284,래미
285,시금치죽
286,초
287,겉절이
288,생채
289,장찌개
290,달래
291,우거
292,지국
293,빵
294,우
295,맑은국
296,메론
297,들
298,닭곰탕
299,대추채
300,단배추
301,깍두기
302,김치황
303,태국
304,건
305,새우볶음
306,우엉
307,떡국
308,청경채
309,대구
310,매운탕
311,자반
312,소스
313,호박잎
314,프리타타
315,지리
316,무청
317,깻순나물
318,순두부찌개
319,된장
320,영양
321,부추
322,꽈리
323,문어
324,키위
325,샐러드
326,스프
327,드레싱
328,새우젓찌개
329,파래
330,만
331,두국
332,올챙이
333,동전
334,알
335,타리
336,동태
337,굴국
338,매생
339,닭개장
340,유자청
341,유부
342,감자
343,순
344,양념
345,감자볶음
346,카레
347,배
348,추국
349,새우무침
350,모카
351,호빵
352,팥
353,크렌
354,초코
355,모둠
356,묵
357,장
358,래
359,시
360,옹심
361,도토리
362,피망
363,밧
364,호
365,도토리묵
366,우마
367,늘
368,아
369,오리
370,수박
371,대구탕
372,오렌지
373,알탕
374,모듬
375,애플
376,낙지
377,지짐
378,크림빵
379,조각
380,루
381,소보
382,단팥죽
383,실
384,흑임자
385,도라지생채
386,아몬드
387,쿠키
388,잼
389,양념장
390,인기가요
391,브레드
392,허니
393,장무
394,침
395,젓갈
396,해물
397,핫케이크
398,홍루
399,문어조림
400,이젠
401,이맛살
402,냉채
403,오
404,소시지
405,새우젓국
406,메추
407,리알
408,비트
409,샌드위치
410,대만
411,새드
412,연근
413,꽃게
414,크림치즈
415,장조림
416,간
417,느타리버섯
418,콩비지
419,양파
420,딤섬
421,통아
422,몬드
423,참깨
424,수제
425,피
426,딸기
427,소세지
428,비엔나
429,팽이
430,조갯살
431,갈릭
432,아귀
433,간장
434,순두부
435,백탕
436,깻잎
437,나물볶음
438,두부구이
439,브리또
440,콩죽
441,섭산적
442,스틱
443,김치찌개
444,남친
445,베이비
446,컵
447,아상
448,배춧국
449,방울
450,양배추
451,우국
452,생
453,브로콜리
454,비타민
455,미나리
456,홍합
457,과일
458,양상추
459,후레쉬
460,고사리
461,깨나물
462,연유
463,죽순
464,들기름
465,석류
466,요
467,거트
468,전
469,부계
470,란
471,오리엔탈
472,조개탕
473,유자
474,우완
475,옹심이
476,칠리소스
477,비국
478,바게트
479,계란찜
480,들깨죽
481,골뱅이
482,보트
483,망고
484,굴
485,발사믹
486,머핀
487,콘
488,닭살
489,완자
490,고기
491,케
492,찹
493,그린
494,삼겹살
495,소죽
496,상추
497,엽
498,추장
499,체고
500,흑미
501,밥
502,홍합죽
503,건포도
504,길거리
505,맥
506,스콘
507,크로크
508,무슈
509,포테이토
510,불고기
511,계란빵
512,오색
513,스태프
514,졸라
515,곤
516,고르
517,사라다
518,북엇국
519,돈육
520,마약
521,시나몬
522,햄버거
523,고들빼기
524,만둣국
525,식
526,츄
527,리
528,페스
529,통마늘
530,너비아니
531,비엘
532,티
533,치즈볼
534,트위스
535,터버
536,자전
537,거
538,오곡
539,지
540,계란장조림
541,사골
542,부죽
543,꽁치
544,blt
545,몽골
546,김칫국
547,절편
548,소시
549,지전
550,가자미
551,파국
552,쌀
553,생크림
554,라즈베리
555,스팸
556,촉촉
557,한
558,삼색
559,새우젓
560,아메리카노
561,채소
562,굴죽
563,블루베리
564,파운드
565,동그랑땡
566,전주식
567,쑥갓나물
568,숙
569,마
570,옛날
571,더덕
572,돈
573,사태
574,훈제
575,타르트
576,리코타
577,재래
578,그슬
579,럿
580,병아리
581,틸
582,렌
583,기채
584,니
585,치
586,오븐
587,보코
588,매콤
589,살라미
590,소보로빵
591,이국
592,카야
593,콥
594,숙회
595,쪽파
596,찐
597,커피
598,산도
599,대리
600,군
601,찰
602,마계
603,증편
604,팡
605,마늘종
606,페퍼로니
607,크루통
608,땡
609,분홍
610,요구르트
611,잡곡밥
612,튀김
613,핑거
614,쫄면
615,덮밥
616,주꾸미
617,잡채
618,강정
619,씨앗
620,절임
621,오리구이
622,쌈
623,육굴
624,닭
625,탕수
626,통도
627,비빔밥
628,돌나물
629,부럼
630,오곡밥
631,꼬지
632,갈치구이
633,육간장
634,꽃상추
635,맛
636,귤
637,닭갈비
638,새싹
639,제육볶음
640,호박전
641,말
642,탕수육
643,부대찌개
644,풋마늘
645,고등어
646,홍어
647,파전
648,데리
649,끼
650,야
651,돈가스
652,탕평채
653,쌈장
654,양채
655,육고추장
656,소면
657,소불고기
658,곤드레
659,떡갈비
660,부침
661,코다리
662,콩나물밥
663,달래장
664,텐더
665,고등어구이
666,해파리냉채
667,쪽
668,봄
669,버터
670,갈치조림
671,돼지
672,갈비찜
673,양념치킨
674,마리
675,고기전
676,해초
677,갈비
678,등
679,김치전
680,대
681,미소
682,유기농
683,궁중
684,식혜
685,떡찜
686,파닭
687,미트볼
688,겨자채
689,온
690,볶
691,육
692,칠
693,요플레
694,산채
695,불
696,한방
697,삼색전
698,석박
699,갈비탕
700,낙지볶음
701,매실
702,명태조림
703,강된장
704,음료
705,떡볶이
706,미역냉국
707,홍어채
708,깐풍기
709,엿
710,명태
711,겹
712,삼
713,보쌈
714,상추쌈
715,목살
716,냉국
717,가슴살
718,겨자
719,쯔
720,가
721,닭강정
722,우무묵
723,까스
724,천
725,오이냉국
726,사
727,감자만두
728,삼치구이
729,우거지탕
730,콩국
731,우묵
732,춘권
733,락
734,교
735,회덮밥
736,해파리
737,불닭
738,청국장찌개
739,동파
740,수육
741,연복
742,풍
743,피클
744,라면
745,사리
746,웨지
747,복숭아
748,꼬
749,노미
750,함박
751,장어
752,범벅
753,탈탈
754,고등어조림
755,사비
756,고추잡채
757,올방개
758,호박잎쌈
759,단무지
760,닭찜
761,파김치
762,유린기
763,너비
764,아니
765,임연수
766,파스타
767,방소
768,표고
769,스테이크
770,복지
771,생선
772,커틀릿
773,타르타르소스
774,칠리
775,셀프
776,돈신
777,메밀
778,풍기
779,짜장
780,쭈꾸미볶음
781,세발
782,날
783,치알
784,유산
785,슬
786,풋고추
787,설렁탕
788,다시마
789,갓김치
790,짬뽕
791,추
792,통감자
793,베
794,배추쌈
795,무말랭이
796,쨔샤이무침
797,아이스
798,개성
799,물누룽지
800,슈
801,메밀전
802,치무
803,고구마튀김
804,멕시칸
805,엔
806,비
807,나
808,하루
809,군고구마
810,미트
811,물미역
812,언
813,절
814,양식
815,비빔
816,메밀국수
817,굴비
818,동파육
819,리얼
820,소갈비
821,양
822,잡
823,스위트
824,굴김치
825,감자전
826,보름나물
827,다시마쌈
828,녹두
829,데
830,리마
831,팝콘
832,군만두
833,간장지
834,미
835,소국
836,커
837,렛
838,틀
839,살전
840,봄나물
841,채전
842,하와이안
843,박스
844,테이크
845,함
846,타르
847,대들
848,오이소박이
849,오이지무침
850,장구
851,삼치
852,물부추
853,오이지
854,감자비
855,주머니
856,라이스
857,계란구이
858,찹쌀밥
859,삼계탕
860,제육
861,천도복숭아
862,노미야
863,양장피
864,바
865,병
866,오국
867,꽁
868,마파두부
869,청양
870,닭볶음탕
871,미역무침
872,쑥갓생채
873,청량
874,그라
875,가래떡
876,조기
877,시저
878,류산
879,쑥
880,안동
881,밤초
882,지무
883,방울토마토
884,명란
885,깐
886,햇감자
887,과생채
888,갈치
889,쫄
890,면
891,포전
892,치레
893,몬
894,녹두전
895,쭈꾸미숙회무침
896,송편
897,그라탱
898,젓
899,조청
900,가스
901,반달
902,킨
903,장치
904,박나물
905,크리스마스
906,찐만두
907,플라워
908,순대볶음
909,제
910,카프레
911,차돌
912,너겟
913,머스
914,타드
915,수원
916,통닭
917,왕
918,돈나물
919,신
920,돼지고기
921,물만두
922,아찌
923,짱
924,파프리카
925,통통
926,잎나물
927,히토
928,모
929,시락
930,탄두리
931,대패
932,물굴
933,우동
934,볶음밥
935,김치볶음밥
936,또
937,띠
938,칩
939,오므라이스
940,오리볶음
941,러스
942,애호박전
943,파인애플
944,은지
945,스파게티
946,필라프
947,김밥
948,다린
949,칼국수
950,대파
951,미소시루
952,애기
953,빼
954,기
955,고춧잎
956,장닭
957,순무
958,짜
959,경상도
960,식소
961,국밥
962,순대
963,당근
964,백
965,부침개
966,듬뿍
967,고로케
968,자몽
969,야채샐러드
970,비체
971,갈비구이
972,la
973,새우튀김
974,세
975,도
976,육전
977,전복
978,장각
979,토
980,당
981,연어
982,면국
983,바질
984,오향장육
985,꼬막
986,케일
987,국수
988,오미자
989,포
990,곰탕
991,나주
992,춘천
993,완자탕
994,이드
995,두릅
996,링
997,드
998,트
999,킹
1000,요거
1001,치바
1002,홍삼
1003,크란
1004,첩
1005,없
1006,는
1007,건강
1008,행사
1009,이벤트
1010,잔반
1011,약고추장
1012,장어구이
1013,아이스티
1014,배추김치
1015,드레질
1016,쌀국수
1017,장아찌
1018,이나
1019,청
1020,적포
1021,곰취
1022,꼬시래기
1023,황도
1024,포도
1025,히
1026,프로
1027,레카
1028,바이오
1029,틱
1030,냉
1031,츠
1032,소바
1033,알로에
1034,미계
1035,섞
1036,통
1037,크레
1038,마시
1039,족발
1040,즙
1041,누들
1042,바싹
1043,초절임
1044,사과즙
1045,찹쌀
1046,쉬
1047,림프
1048,페퍼
1049,블랙
1050,수제비
1051,밀
1052,메
1053,모밀
1054,팽
1055,고추전
1056,추숙
1057,마카로니
1058,쭈꾸미삼겹고추장볶음
1059,어구
1060,양념간장
1061,열기
1062,가지찜
1063,깍
1064,우전
1065,둑
1066,현미밥
1067,치자
1068,타래과
1069,소배기
1070,로스트
1071,슬로우
1072,콩밥
1073,가닥
1074,기장밥
1075,수박화채
1076,보쌈김치
1077,이장국
1078,깨소
1079,후라이드
1080,스무
1081,글
1082,장떡
1083,초간장
1084,초고추장
1085,콜리
1086,수수밥
1087,눈꽃
1088,보이
1089,탱크
1090,쭈삼불고기
1091,검정
1092,시리얼
1093,바베큐
1094,닭다리
1095,감자탕
1096,뼈
1097,근대나물
1098,푸실리
1099,수
1100,일숙
1101,화채
1102,타
1103,깨장
1104,꼬야
1105,폭
1106,차조밥
1107,밀감
1108,부들
1109,살살
1110,푸딩
1111,살사
1112,보리밥
1113,나쵸
1114,채소계
1115,마카로
1116,검은깨
1117,니콘
1118,남
1119,두루치기
1120,빈대떡
1121,한식
1122,적
1123,다슬기
1124,색유
1125,자청
1126,계정
1127,보
1128,궁
1129,미산
1130,찰보리
1131,삽
1132,와사비
1133,수완
1134,잔치국수
1135,사과나무
1136,귀리밥
1137,햇고구마
1138,뇨
1139,할라
1140,빠
1141,네
1142,감자수
1143,마요
1144,나떡
1145,캔
1146,파르페
1147,꼬치
1148,통계
1149,하
1150,총각김치
1151,이언
1152,알배기
1153,생강
1154,살치
1155,쭈꾸미삼겹살볶음
1156,비빔국수
1157,에이드
1158,단감
1159,파치
1160,당면
1161,쑥갓쌈
1162,찰떡
1163,수제사
1164,과
1165,전주비빔밥
1166,계피차
1167,합국
1168,완두콩
1169,대추차
1170,도넛
1171,꽈배기
1172,하이
1173,주물럭
1174,버거
1175,리오
1176,올리
1177,솎음
1178,등심
1179,홍시
1180,불낙
1181,부전
1182,근
1183,강낭콩
1184,풍연
1185,이연복
1186,의
1187,붕어빵
1188,란전
1189,감귤
1190,룻
1191,펜
1192,축하
1193,오프
1194,추지
1195,산고
1196,더덕구이
1197,팥밥
1198,윙
1199,파인
1200,교촌
1201,오미
1202,채소전
1203,위요
1204,백숙
1205,키
1206,인
1207,난
1208,도커리
1209,샤브샤브
1210,하와
1211,물쪼리
1212,뿌리채소
1213,봉추
1214,동숙
1215,버블
1216,허
1217,코야
1218,지중해
1219,와사
1220,비장
1221,물김치
1222,자장
1223,통배추
1224,교자
1225,주먹밥
1226,또띠
1227,피크닉
1228,팽이버섯
1229,퀘
1230,사디
1231,쥬스
1232,초밥
1233,슈크림
1234,허브
1235,잡채밥
1236,싹장
1237,오징어무침
1238,충무김밥
1239,작
1240,물냉면
1241,참외
1242,디아
1243,콩국수
1244,뜨
1245,잔멸
1246,절인
1247,로제
1248,도너츠
1249,타르타르
1250,규동
1251,싹
1252,부새
1253,왕돈
1254,난식
1255,티라미수
1256,발
1257,랑
1258,내사
1259,케이준
1260,오징어순대
1261,펜네
1262,닝
1263,시즈
1264,정식
1265,왕만두
1266,꼬마
1267,해라
1268,자채
1269,피겨
1270,플레인
1271,생과일
1272,플
1273,자기
1274,계발
1275,도라
1276,지채
1277,초절
1278,가정
1279,마제
1280,짜장면
1281,감자튀김
1282,타코
1283,국물
1284,고등어자반
1285,아견
1286,달걀찜
1287,삼계
1288,투
1289,움
1290,물수제비
1291,매쉬
1292,개발
1293,이김
1294,렐라
1295,리소스
1296,초계
1297,중국식
1298,개탕
1299,나초
1300,달걀
1301,나라
1302,까르보
1303,무우
1304,복주머니
1305,새우전
1306,생파
1307,나가사키
1308,멘
1309,짜샤
1310,수수부꾸미
1311,낙지젓
1312,손수
1313,제비
1314,계란장
1315,퐁당
1316,비프
1317,가쓰오
1318,비빔면
1319,빈
1320,백종원
1321,크랩
1322,봉
1323,부케
1324,청포묵
1325,사이
1326,설탕
1327,꿔
1328,바로우
1329,짠지
1330,새콤
1331,땡초
1332,꼴
1333,섬
1334,로
1335,부채살
1336,초회
1337,도시락
1338,오이선
1339,선
1340,춘장
1341,등뼈
1342,샐러리
1343,회오리
1344,돼지국밥
1345,코코넛
1346,고갈
1347,채무
1348,구슬
1349,쇼
1350,후리
1351,추전
1352,소떡
1353,김계란
1354,박물
1355,추가
1356,비빔냉면
1357,우육
1358,색전
1359,파개
1360,타워
1361,멸치조림
1362,샤워
1363,폭탄
1364,순대찜
1365,소금
1366,숯불
1367,새우만두
1368,크림소스
1369,아쿠아
1370,슈스트
1371,통고추
1372,채표
1373,동국
1374,귀
1375,풍아
1376,장지
1377,짐
1378,라볶이
1379,코코뱅
1380,미더덕
1381,쌈밥
1382,말랭이
1383,골
1384,레
1385,컵라면
1386,나베
1387,사우
1388,자반고등어
1389,뗄
1390,럿버거
1391,고기볶음
1392,대국
1393,방어
1394,깻잎쌈
1395,아롱사태
1396,이색
1397,노가리
1398,데미
1399,메추리
1400,알꽈리
1401,어떡
1402,아귀매운탕
1403,장수
1404,콜라
1405,팟
1406,쌉
1407,미나리볶음
1408,풋고추조림
1409,쵸
